{"timestamps": [1480330534.212615, 1480330534.544209, 1480330534.609402, 1480330534.812569, 1480330535.072988, 1480330535.340307, 1480330535.607578, 1480330535.755608, 1480330536.180794, 1480330536.638574, 1480330536.904695, 1480330537.184923, 1480330537.589452, 1480330537.848866, 1480330537.991369, 1480330538.126596, 1480330538.387571, 1480330538.532113, 1480330538.667505, 1480330538.811938, 1480330539.050542, 1480330539.250801, 1480330539.431192, 1480330539.57558, 1480330539.844754, 1480330539.988245, 1480330540.130541, 1480330540.511004, 1480330540.725826, 1480330541.091475, 1480330541.298682, 1480330541.46656, 1480330541.678883, 1480330541.875639, 1480330542.069882, 1480330542.211034, 1480330542.352854, 1480330542.492765, 1480330542.629897, 1480330542.768842, 1480330542.908599, 1480330543.052901, 1480330543.192901, 1480330543.33552, 1480330543.479666, 1480330543.618545, 1480330543.757336, 1480330543.894699, 1480330543.911878, 1480330544.06038, 1480330544.197991, 1480330544.364926, 1480330544.56904, 1480330544.715359, 1480330544.855693, 1480330544.993368, 1480330545.261156, 1480330545.403566, 1480330545.417717, 1480330545.561419, 1480330545.702633, 1480330545.850332, 1480330545.993839, 1480330546.207767, 1480330546.681701, 1480330546.893924, 1480330547.036792, 1480330547.180925, 1480330547.323605, 1480330547.464338, 1480330547.605073, 1480330547.74793, 1480330547.761192, 1480330547.907129, 1480330548.053761, 1480330548.200943, 1480330548.342765, 1480330548.48935, 1480330548.634841, 1480330548.778168, 1480330548.921638, 1480330548.933286], "initial_reset_timestamp": 1480330522.681299, "episode_lengths": [13, 12, 54, 41, 22, 11, 20, 10, 13, 36, 11, 25, 33, 13, 15, 10, 15, 11, 8, 11, 15, 12, 10, 10, 17, 12, 10, 9, 10, 19, 10, 10, 9, 9, 13, 9, 12, 10, 8, 9, 10, 9, 10, 9, 9, 9, 10, 10, 9, 10, 9, 9, 9, 11, 10, 10, 15, 8, 9, 10, 9, 10, 10, 8, 10, 8, 9, 9, 10, 9, 9, 10, 9, 10, 9, 10, 8, 9, 9, 10, 10, 4], "episode_rewards": [13.0, 12.0, 54.0, 41.0, 22.0, 11.0, 20.0, 10.0, 13.0, 36.0, 11.0, 25.0, 33.0, 13.0, 15.0, 10.0, 15.0, 11.0, 8.0, 11.0, 15.0, 12.0, 10.0, 10.0, 17.0, 12.0, 10.0, 9.0, 10.0, 19.0, 10.0, 10.0, 9.0, 9.0, 13.0, 9.0, 12.0, 10.0, 8.0, 9.0, 10.0, 9.0, 10.0, 9.0, 9.0, 9.0, 10.0, 10.0, 9.0, 10.0, 9.0, 9.0, 9.0, 11.0, 10.0, 10.0, 15.0, 8.0, 9.0, 10.0, 9.0, 10.0, 10.0, 8.0, 10.0, 8.0, 9.0, 9.0, 10.0, 9.0, 9.0, 10.0, 9.0, 10.0, 9.0, 10.0, 8.0, 9.0, 9.0, 10.0, 10.0, 4.0]}